图号	场景及聚合	方法	指标	组别或预算	值	单位
F01	官方；7层等权	SCM-T	MDE	3	14.6	m
F01	官方；7层等权	SCM-T	MDE	5	13.01	m
F01	官方；7层等权	SCM-T	MDE	10	11.06	m
F01	官方；7层等权	SCM-T	MDE	20	9.73	m
F01	官方；7层等权	TPM	MDE	3	11.93	m
F01	官方；7层等权	TPM	MDE	5	11.4	m
F01	官方；7层等权	TPM	MDE	10	10.34	m
F01	官方；7层等权	TPM	MDE	20	9.38	m
F02	官方；每层20组支持集平均	TPM	MDE	B0F1	6.872481276319981	m
F02	官方；每层20组支持集平均	TPM	MDE	B0F2	6.295905471636567	m
F02	官方；每层20组支持集平均	TPM	MDE	B1F1	15.122331577849451	m
F02	官方；每层20组支持集平均	TPM	MDE	B1F2	12.632978532991869	m
F02	官方；每层20组支持集平均	TPM	MDE	B2F1	9.289303198113627	m
F02	官方；每层20组支持集平均	TPM	MDE	B2F2	11.848036806476678	m
F02	官方；每层20组支持集平均	TPM	MDE	B2F3	10.086615358652814	m
F02	官方；每层20组支持集平均	TPM+U	MDE	B0F1	7.399431072800657	m
F02	官方；每层20组支持集平均	TPM+U	MDE	B0F2	6.2429957069891815	m
F02	官方；每层20组支持集平均	TPM+U	MDE	B1F1	12.965496145636246	m
F02	官方；每层20组支持集平均	TPM+U	MDE	B1F2	11.116457724414367	m
F02	官方；每层20组支持集平均	TPM+U	MDE	B2F1	8.650145143090686	m
F02	官方；每层20组支持集平均	TPM+U	MDE	B2F2	11.769898612045662	m
F02	官方；每层20组支持集平均	TPM+U	MDE	B2F3	9.11033017966452	m
F03	旧版；建筑等权	各变体	MDE	SCM-T	10.98	m
F03	旧版；建筑等权	各变体	MDE	AP映射	11.23	m
F03	旧版；建筑等权	各变体	MDE	学习空间核	10.99	m
F03	新版；楼层等权	各变体	MDE	TPM	10.277546	m
F03	新版；楼层等权	各变体	MDE	随机	10.2757	m
F03	新版；楼层等权	各变体	MDE	预训练	10.258213	m
F03	新版；楼层等权	各变体	MDE	元训练	10.245712	m
F04	同日；3层等权	各变体	MDE	Meta-Ridge	13.89	m
F04	同日；3层等权	各变体	MDE	监督特征	14.62	m
F04	同日；3层等权	各变体	MDE	原始RSSI Ridge	18.51	m
F04	同日；3层等权	各变体	MDE	Support-WKNN	18.39	m
F04	官方；3层等权	各变体	MDE	Meta-Ridge	16.94	m
F04	官方；3层等权	各变体	MDE	监督特征	18.87	m
F04	官方；3层等权	各变体	MDE	原始RSSI Ridge	21.25	m
F04	官方；3层等权	各变体	MDE	Support-WKNN	20.13	m
F05	常规监督；1111条加权	1-NN	MDE	all	10.1320720025	m
F05	常规监督；1111条加权	1-NN	Median	all	5.92772972196	m
F05	常规监督；1111条加权	1-NN	P90	all	20.609929526	m
F05	常规监督；1111条加权	7-NN	MDE	all	9.15451022347	m
F05	常规监督；1111条加权	7-NN	Median	all	5.4484439899	m
F05	常规监督；1111条加权	7-NN	P90	all	18.5443368242	m
F05	常规监督；1111条加权	GConvLoc	MDE	all	7.60571140245	m
F05	常规监督；1111条加权	GConvLoc	Median	all	5.78309880919	m
F05	常规监督；1111条加权	GConvLoc	P90	all	15.0708949532	m
F06	同日5048条；扫描加权	各方法	MDE	1-NN	24.614125	m
F06	同日5048条；扫描加权	各方法	MDE	7-NN	19.86866	m
F06	同日5048条；扫描加权	各方法	MDE	GConvLoc	12.800831	m
F06	官方172条；扫描加权	各方法	MDE	1-NN	26.332712	m
F06	官方172条；扫描加权	各方法	MDE	7-NN	20.379356	m
F06	官方172条；扫描加权	各方法	MDE	GConvLoc	9.784187	m
F07	同日	JPRL	MDE	0	39.7750202938	m
F07	同日	JPRL	MDE	1	26.7758551694	m
F07	同日	JPRL	MDE	2	24.3640765062	m
F07	同日	JPRL	MDE	3	36.7437772635	m
F07	同日	ERM	MDE	0	39.7427836511	m
F07	同日	ERM	MDE	1	26.7758415711	m
F07	同日	ERM	MDE	2	24.3641275976	m
F07	同日	ERM	MDE	3	36.7438201715	m
F07	官方	JPRL	MDE	0	103.674585213	m
F07	官方	JPRL	MDE	1	78.1936257247	m
F07	官方	JPRL	MDE	2	104.980226367	m
F07	官方	JPRL	MDE	3	109.846202987	m
F07	官方	ERM	MDE	0	103.386284908	m
F07	官方	ERM	MDE	1	78.1936033969	m
F07	官方	ERM	MDE	2	104.980313257	m
F07	官方	ERM	MDE	3	109.846184554	m
F08	同日；先位置再楼层等权	CMANP	MDE	5	25.49	m
F08	同日；先位置再楼层等权	CMANP	MDE	10	25.5	m
F08	同日；先位置再楼层等权	CMANP	MDE	20	25.49	m
F08	同日；先位置再楼层等权	Support-WKNN	MDE	5	27.66	m
F08	同日；先位置再楼层等权	Support-WKNN	MDE	10	19.34	m
F08	同日；先位置再楼层等权	Support-WKNN	MDE	20	18.75	m
F08	同日；先位置再楼层等权	RBF-Ridge	MDE	5	28.75	m
F08	同日；先位置再楼层等权	RBF-Ridge	MDE	10	19.8	m
F08	同日；先位置再楼层等权	RBF-Ridge	MDE	20	18.25	m
F08	同日；先位置再楼层等权	MLP-FT	MDE	5	20.97	m
F08	同日；先位置再楼层等权	MLP-FT	MDE	10	16.63	m
F08	同日；先位置再楼层等权	MLP-FT	MDE	20	15.82	m
